timestamp,x,y,z,qx,qy,qz,qw
2042.907,-1.9277357186339108,-0.49828141056256525,0.007828173837521697,-5.879947513880816e-05,0.003304421410133853,0.024008641275724243,0.9997062881095925
2042.941,-1.927734525858628,-0.49828137952640167,0.007820958950564628,-5.752062793203112e-05,0.003303566166922118,0.024009048662114514,0.9997062812267904
2042.975,-1.9277333755870223,-0.49828119771974316,0.007826477209377973,-6.37536814574762e-05,0.003302020991799988,0.024009439228568973,0.9997062765736581
2043.009,-1.9277322133215695,-0.4982809641108102,0.00782047901215264,-7.26239437421739e-05,0.003300262148678136,0.024009818363951413,0.9997062726709497
2043.043,-1.9277309919475125,-0.4982808189884748,0.007819532398031714,-7.700101806778027e-05,0.0033015558531296367,0.024010200561218227,0.9997062588924819
2043.077,-1.9277297065722465,-0.498280802931407,0.007832777374238445,-7.487164551782795e-05,0.0033067524719781523,0.024010595080734755,0.999706232403397
2043.111,-1.9277284627104403,-0.4982808713735713,0.007839497066472386,-6.855746099922172e-05,0.003309688327408148,0.024011004846029072,0.9997062132993542
2043.145,-1.927727251575281,-0.4982808761353925,0.007840172083623021,-6.544813197601355e-05,0.0033106792948771474,0.02401141398851436,0.9997062003996077
2043.179,-1.9277260774324856,-0.4982807670548546,0.007842086035056175,-6.80587634915057e-05,0.00330991353459011,0.024011812395394155,0.999706193191723
2043.213,-1.927724931507828,-0.4982806109889978,0.007843242648320002,-7.301751018392169e-05,0.0033083418785165276,0.02401220228080659,0.999706188679496
2043.247,-1.9277237688013154,-0.4982804903136289,0.007827278328155982,-7.61977969587429e-05,0.003306152039562342,0.02401259219242963,0.9997061863211545
2043.281,-1.9277225703403735,-0.4982804411571768,0.007814318779876168,-7.58256950718931e-05,0.003305141780713694,0.024012988239286232,0.9997061801770023
2043.315,-1.9277213212214284,-0.49828048300076383,0.007826908959340685,-7.08419864033578e-05,0.003308394123551783,0.02401339395407612,0.9997061600393101
2043.349,-1.9277201252570906,-0.49828053116790594,0.007835354128602425,-6.560091120312713e-05,0.0033089463622343884,0.024013806112266955,0.9997061486689451
2043.383,-1.9277189493787084,-0.4982804823061611,0.007843752863928138,-6.521962224113748e-05,0.003308582393065172,0.0240142106802466,0.9997061401803803
2043.417,-1.9277178107674378,-0.4982804264213492,0.00784311349692964,-6.518866020931104e-05,0.003306553944496405,0.024014613709963627,0.9997061372122371
2043.451,-1.9277166673937838,-0.49828037982356704,0.00782258171446253,-6.470468735096249e-05,0.003302972769484528,0.024015016941040513,0.9997061393957273
2043.485,-1.9277154531065814,-0.4982803383129913,0.007819090481472883,-6.39377947177267e-05,0.0033031212196856716,0.02401541835297381,0.9997061293117584
2043.519,-1.927714221785331,-0.4982803050029575,0.007835116912077628,-6.273229233057379e-05,0.003305958322283611,0.024015820116512394,0.9997061103586204
2043.553,-1.927712992640083,-0.49828023484909884,0.007841681283213909,-6.334877972118354e-05,0.00330837610044832,0.024016219232187525,0.9997060927334103
2043.587,-1.9277118210180733,-0.49828015906490847,0.007844325356767538,-6.427478512804698e-05,0.003308084493931168,0.024016618541513147,0.9997060840464883
2043.621,-1.927710663283319,-0.49828009562381265,0.007828132055311455,-6.459689548938683e-05,0.0033057951755350837,0.024017018931661,0.9997060819796662
2043.655,-1.9277094400050157,-0.4982800408128326,0.007816266099684657,-6.448313961876907e-05,0.003305899340821088,0.02401741866922793,0.999706072039147
2043.689,-1.9277081979555868,-0.49827998678568325,0.007831647778335456,-6.429233256263557e-05,0.0033090804044597403,0.02401781755891128,0.99970605194381
2043.723,-1.9277069981276125,-0.49827993945990956,0.00784344803758642,-6.380179160440199e-05,0.003310282920891535,0.024018218654672317,0.9997060383577622
2043.757,-1.927705845101908,-0.4982798527168158,0.007843000210269945,-6.531586455809269e-05,0.0033084435231564603,0.024018617201568098,0.9997060347737312
2043.791,-1.927704724680482,-0.4982797116852758,0.007840046412117883,-6.95482571934334e-05,0.0033053918191868824,0.024019008490613752,0.9997060351818876
2043.825,-1.92770357439915,-0.49827963116869717,0.007829743088744668,-7.075567585124209e-05,0.003302725459083314,0.02401940322230101,0.999706034425631
2043.859,-1.9277023566242393,-0.49827958190628097,0.007818249620672683,-7.037347185882052e-05,0.0033027607580482185,0.02401980026547998,0.9997060247963677
2043.893,-1.927701124449802,-0.4982795887587208,0.007824641516210543,-6.714822783296394e-05,0.003304872000739835,0.024020204083416992,0.9997060083384343
2043.927,-1.9276998822132239,-0.4982795873917417,0.00783870592270394,-6.433036056286055e-05,0.003308194895957666,0.024020609760337312,0.9997059877858474
2043.961,-1.9276986831120917,-0.49827958526748056,0.007845336923081696,-6.156784957816388e-05,0.003309267083861194,0.024021018155921336,0.9997059745982918
2043.995,-1.9276975124544877,-0.4982795412550087,0.007842220438115416,-6.0925445062163586e-05,0.003308184775624932,0.024021423942140033,0.9997059684694157
2044.029,-1.927696373709218,-0.4982794285461133,0.007828398461687184,-6.373094626653277e-05,0.0033050430792782096,0.024021821553981745,0.9997059691318438
2044.063,-1.9276951681384167,-0.4982793326755059,0.007816305185247877,-6.568367616173144e-05,0.0033043175715717315,0.024022216797353457,0.9997059619063908
2044.097,-1.927693943131784,-0.4982792450812281,0.007831660166853438,-6.718559771958203e-05,0.0033066868403061117,0.024022610557853943,0.9997059445107953
2044.131,-1.9276927597469633,-0.49827917084307316,0.007843459285069722,-6.805533685860592e-05,0.003307097496543865,0.02402300665544337,0.9997059335753951
2044.165,-1.9276915840399633,-0.4982791536531266,0.007846861513937237,-6.607632913121188e-05,0.003306687742571588,0.02402340935835728,0.9997059253865072
2044.199,-1.9276904200278127,-0.49827914633699,0.007835225718715883,-6.358380065481349e-05,0.0033053284848698606,0.02402381555269931,0.9997059202820584
2044.233,-1.9276892077221053,-0.4982791387259927,0.007816210153386245,-6.112180274511211e-05,0.0033045640295666858,0.02402422296152318,0.9997059131723662
2044.267,-1.9276879977176569,-0.4982791059281441,0.007820867634065143,-5.9897750219013966e-05,0.0033053050598114307,0.024024627974254316,0.9997059010636178
2044.301,-1.9276868011585024,-0.49827898546136073,0.007831920324172037,-6.30691153023068e-05,0.003306093930090416,0.024025023158017557,0.9997058887630247
2044.335,-1.9276856272591474,-0.49827887501682894,0.007843511056886476,-6.575442895144845e-05,0.0033060831177629,0.024025416926181785,0.999705879162615
2044.369,-1.9276844470948558,-0.4982788047083777,0.00784471780078047,-6.63997544972669e-05,0.0033062608300764916,0.02402581341341857,0.9997058690035884
2044.403,-1.9276832530892782,-0.4982787115208694,0.007837512337691333,-6.817666552181293e-05,0.0033063062062744174,0.02402620816564613,0.9997058592468056
2044.437,-1.927682089762062,-0.4982786315028744,0.007832830127699007,-6.934164435420613e-05,0.0033045708268671235,0.02402660459435817,0.9997058553769969
2044.471,-1.9276808682353623,-0.49827855071382265,0.007816161068714071,-7.052443296624039e-05,0.003304479828402761,0.02402699967634517,0.9997058460997019
2044.505,-1.927679613732852,-0.49827849360843146,0.007829930352790709,-7.047087734991195e-05,0.003308138328183732,0.024027395802617244,0.9997058244831833
2044.539,-1.9276783990769975,-0.49827846001156256,0.007842588166113103,-6.928020199531987e-05,0.0033100777421699976,0.024027796365937406,0.9997058085193821
2044.573,-1.927677223780869,-0.4982784456233377,0.007844000049376739,-6.713877538215455e-05,0.0033098813443214288,0.024028201026683717,0.9997057995897056
2044.607,-1.9276760527757049,-0.4982784450251393,0.007825223429740374,-6.431450665605139e-05,0.003307910166183759,0.024028609001424315,0.9997057964938653
2044.641,-1.9276748347281052,-0.498278438307613,0.00781794320911244,-6.181171994342872e-05,0.003307831026544654,0.024029016363176402,0.999705787122306
2044.675,-1.927673670268694,-0.49827840659390465,0.007828472126587995,-6.0588746382058355e-05,0.0033068654917549696,0.024029422174728768,0.9997057806372693
2044.709,-1.9276725252024765,-0.49827829066889656,0.007838863705155371,-6.359335546221401e-05,0.0033050662705055474,0.024029818369924363,0.9997057768773477
2044.743,-1.9276713578514515,-0.49827818137375635,0.007841988279826814,-6.62218292956191e-05,0.003304469446336766,0.024030212047388602,0.9997057692167757
2044.777,-1.9276701739321742,-0.4982780115986481,0.007842291999833068,-7.184497314803474e-05,0.0033043563635758687,0.024030597238189996,0.9997057599432437
2044.811,-1.9276689633217894,-0.4982779312996878,0.007847695135847394,-7.298228827036118e-05,0.0033058136407992465,0.02403098913773581,0.9997057456225906
2044.845,-1.9276677647435072,-0.49827787308270094,0.007835279542305132,-7.298305665105597e-05,0.003306246345016179,0.02403138524822724,0.9997057346697732
2044.879,-1.9276665179036407,-0.498277825600472,0.007816190192781155,-7.246524367400383e-05,0.0033072402790376705,0.02403178382028382,0.9997057218386519
2044.913,-1.9276652278505764,-0.4982777805578475,0.007827629054507101,-7.176690248245115e-05,0.0033123777394635815,0.02403218192872837,0.9997056953098583
2044.947,-1.9276640455572538,-0.49827772506460377,0.00783108195943679,-7.169333156062133e-05,0.0033119161498938524,0.024032582194062117,0.9997056872222784
2044.981,-1.9276628974439134,-0.4982776772045893,0.007834904079479708,-7.128517915742545e-05,0.0033097750727530185,0.02403298324399022,0.9997056847011451
2045.015,-1.9276617831801401,-0.4982776357108366,0.00783775810380738,-7.05975649675905e-05,0.003305946890631051,0.024033385070631418,0.9997056877567452
2045.049,-1.927660656866462,-0.49827765346821024,0.007839617307252064,-6.694716565194653e-05,0.0033027348109285182,0.024033792991531244,0.9997056888181072
2045.083,-1.9276594992226395,-0.4982775694133818,0.007841599283311235,-6.834210112695722e-05,0.0033012613299807313,0.024034191117343045,0.9997056840192136
2045.117,-1.927658306803173,-0.4982774381721145,0.007843382745143462,-7.203124287343983e-05,0.003301929176904146,0.02403458201312767,0.999705672156893
2045.151,-1.9276570941517748,-0.4982772496641773,0.007842996526293567,-7.85508449739922e-05,0.0033032625358530277,0.02403496404632071,0.9997056580762541
2045.185,-1.9276558776883372,-0.49827717176972036,0.007847754389593533,-7.954069423685828e-05,0.0033051678682032137,0.024035354748367738,0.999705642307155
2045.219,-1.9276546256546534,-0.4982772136134041,0.007834279191190688,-7.451128731456638e-05,0.0033076324370157812,0.02403575987165281,0.9997056248031827
2045.253,-1.9276533852053122,-0.49827732669714864,0.00781415922470711,-6.599263223407179e-05,0.0033080788934216495,0.024036178662712328,0.9997056138555498
2045.287,-1.927652170430387,-0.4982773909561052,0.007820479315738274,-5.9924801966446916e-05,0.0033088874871023584,0.024036596781667138,0.99970560150865
2045.321,-1.9276510110963028,-0.49827733426933196,0.007825060173444188,-5.994563996793924e-05,0.0033073274717803315,0.024037002482865204,0.9997055969149885
2045.355,-1.927649851423381,-0.4982771880399009,0.007835654024044911,-6.444497902057633e-05,0.0033063126338096884,0.0240373970666129,0.9997055905044615
2045.389,-1.9276486950789868,-0.498277065265047,0.007846051188422538,-6.77620426070412e-05,0.0033054676532982335,0.02403778932311497,0.9997055836476838
2045.423,-1.9276475340430406,-0.49827696508870517,0.007841958668876211,-6.991840846154835e-05,0.003304399380707981,0.024038182400518655,0.9997055775792332
2045.457,-1.9276463679229814,-0.49827684554332174,0.00783236713090691,-7.302877333080238e-05,0.003303008141982893,0.02403857264199613,0.9997055725709184
2045.491,-1.9276451418027953,-0.4982767530831626,0.007815903524931918,-7.47856637696285e-05,0.0033031317631820826,0.02403896450818053,0.9997055626098286
2045.525,-1.927643882689395,-0.4982766874235888,0.007829904399459485,-7.515175777900938e-05,0.003307021881094347,0.02403935797642734,0.9997055402600169
2045.559,-1.9276426633785722,-0.4982766479539808,0.007842582779387295,-7.42466114608564e-05,0.0033091948634655258,0.024039756392103755,0.9997055235565145
2045.593,-1.9276414834004936,-0.4982766300004063,0.007843996095537927,-7.227563255034203e-05,0.003309230544962438,0.02404015931425876,0.9997055138937558
2045.627,-1.9276403077052042,-0.4982766277949608,0.00782522018564672,-6.952420235188767e-05,0.0033074893877815844,0.024040565890655063,0.9997055100738378
2045.661,-1.9276390623330777,-0.4982766323101916,0.007817141102236063,-6.643241804613066e-05,0.003308814738300385,0.024040973037274257,0.9997054961073198
2045.695,-1.9276378337681839,-0.4982766352884715,0.007833934236298988,-6.340986898441092e-05,0.0033113839628404395,0.02404138105458758,0.999705477984605
2045.729,-1.9276366900319726,-0.4982766212650361,0.007839078204356675,-6.130890216797471e-05,0.003309343891456289,0.02404178980647919,0.9997054750410881
2045.763,-1.9276355645129553,-0.49827651979943577,0.007845601657839556,-6.359753977150494e-05,0.0033064844929517837,0.024042188797135152,0.9997054747641896
2045.797,-1.9276344533971659,-0.4982764262979559,0.007839428666431664,-6.546684921641682e-05,0.003302780742477937,0.024042585705137124,0.9997054773412367
2045.831,-1.9276332687032496,-0.4982763084823407,0.007832448752235693,-6.850943352784184e-05,0.003302177054790667,0.02404297768977556,0.9997054697044352
2045.865,-1.9276320776565188,-0.49827616759699794,0.00782908934284471,-7.267867756963763e-05,0.0033020418056778178,0.024043365171054282,0.99970546053774
2045.899,-1.9276308826299846,-0.49827609282431784,0.007821898998627431,-7.35559145639709e-05,0.0033016919406181904,0.024043758987569237,0.9997054521575865
2045.933,-1.9276296830417394,-0.498276083260914,0.007821001843193228,-7.118832041892294e-05,0.0033018404898018917,0.024044160407416,0.9997054421837992
2045.967,-1.9276284531265724,-0.49827605337692105,0.007818321025336429,-6.98102008467832e-05,0.0033030691418605867,0.024044561321135503,0.9997054285796662
2046.001,-1.92762719144593,-0.4982760371707042,0.007833851559075533,-6.77056317827005e-05,0.003307375640960544,0.02404496427271713,0.9997054047945528
2046.035,-1.9276259818146757,-0.49827599073765677,0.007835010661617615,-6.71472508417088e-05,0.0033083696987386796,0.02404536649563604,0.9997053918686615
2046.069,-1.9276247837903036,-0.4982759363084324,0.007843905963550864,-6.701405650630965e-05,0.0033091255830455368,0.024045767676992773,0.9997053797263552
2046.103,-1.9276236012130865,-0.4982758949236823,0.007844204971168778,-6.620641596307424e-05,0.0033093577847347773,0.024046170027035414,0.9997053693337823
2046.137,-1.9276224228456162,-0.49827587166274184,0.007825232529342042,-6.450047845065587e-05,0.0033077855590371383,0.024046575150987487,0.999705364904026
2046.171,-1.9276211973798032,-0.49827584614584075,0.007817938016454307,-6.292359288580333e-05,0.003308099056572452,0.024046979583642096,0.9997053542390164
2046.205,-1.927620025469633,-0.49827579907840747,0.007828465821425441,-6.24547706754832e-05,0.003307522201790985,0.024047382655364723,0.9997053464815084
2046.239,-1.9276188729511423,-0.4982756708593033,0.007838857292635082,-6.606102249300802e-05,0.0033061072047539638,0.024047776402411267,0.9997053414587679
2046.273,-1.9276177279727018,-0.498275561955447,0.007847036509107608,-6.868995941575252e-05,0.003304653914832479,0.024048169078267217,0.9997053366408403
2046.307,-1.9276165711833255,-0.4982754751447151,0.00783983888304258,-7.017975453010193e-05,0.0033032235497054007,0.024048563384059845,0.9997053317793926
2046.341,-1.9276153833062195,-0.49827531750143556,0.007838377332765167,-7.518689873787155e-05,0.0033031826115712576,0.024048949273192927,0.9997053222677271
2046.375,-1.9276141802069289,-0.49827524333274087,0.007837563906033075,-7.60190218434596e-05,0.003303849224890601,0.024049342039479484,0.9997053105535029
2046.409,-1.9276129243022821,-0.4982751971965668,0.007816619517547167,-7.542100499996731e-05,0.0033053583858841983,0.024049738582660067,0.9997052960706564
2046.443,-1.9276116250337256,-0.4982751540263327,0.007827655804124797,-7.461559065180079e-05,0.0033109583395425,0.024050135629429585,0.999705268048335
2046.477,-1.9276103901168145,-0.49827512996300144,0.007840650277184297,-7.29184569939323e-05,0.003313830465136977,0.02405053764470718,0.9997052489856936
2046.511,-1.927609249945412,-0.49827514885182383,0.00784084134089112,-6.9171866633303e-05,0.0033111426831979244,0.0240509475308643,0.9997052482968427
2046.545,-1.9276081431784635,-0.49827516259441496,0.007841877264141166,-6.57306687916001e-05,0.0033068251882369284,0.024051358197559665,0.9997052529398385
2046.579,-1.9276070200488353,-0.49827510364335886,0.0078463535137903,-6.59012979872179e-05,0.0033038101741605973,0.02405176082094135,0.9997052532105472
2046.613,-1.9276058784548027,-0.49827504039336223,0.007831056113549199,-6.624297522956252e-05,0.0033008757115677617,0.02405216167548731,0.9997052532372436
2046.647,-1.927604707730368,-0.4982748975356239,0.007827753190303951,-7.053761183121195e-05,0.003299738862158844,0.024052552131248277,0.9997052473023539
2046.681,-1.9276034576021306,-0.49827476364153955,0.007817614894406603,-7.433512965504023e-05,0.003301526313894787,0.02405293958224939,0.9997052318037251
2046.715,-1.927602163845264,-0.4982746794525191,0.007840425674380667,-7.559403466410509e-05,0.0033078894942359803,0.02405332949393069,0.9997052012933074
2046.749,-1.9276009209565852,-0.4982746882047563,0.00784436040644753,-7.223922458839504e-05,0.0033108340790318365,0.024053732437108483,0.9997051820987225
2046.783,-1.9275997226993415,-0.4982746817656747,0.00784140738296331,-6.967862601811235e-05,0.003311120621416775,0.02405413807481513,0.9997051715713975
2046.817,-1.927598558577511,-0.4982746739923661,0.00784163523569231,-6.723850128677927e-05,0.00330967955076322,0.024054545553680896,0.9997051667058949
2046.851,-1.9275974244718268,-0.49827466080805277,0.00784286943425881,-6.510130986566855e-05,0.003306957831943449,0.024054953206313838,0.9997051660454492
2046.885,-1.9275962596610878,-0.4982746337864295,0.007825406926743992,-6.362722162640155e-05,0.0033046066923758358,0.02405535907662907,0.9997051641488505
2046.919,-1.9275950586871147,-0.4982745613245193,0.007816911704379398,-6.440696647295499e-05,0.003304126129451867,0.024055758835303996,0.9997051560680884
2046.953,-1.9275938266933343,-0.4982744753186991,0.007822498127142459,-6.580406261389083e-05,0.003306359225149423,0.02405615520576734,0.9997051390561199
2046.987,-1.9275926465488968,-0.4982743954309714,0.00782614372616012,-6.695417459716596e-05,0.003305895449875436,0.024056552483109984,0.9997051309536429
2047.021,-1.9275914437424984,-0.4982742379853071,0.007835753624481965,-7.195750356387935e-05,0.003307065560648914,0.024056939705807096,0.9997051174178746
2047.055,-1.9275902633045379,-0.4982741185100251,0.007840266437619304,-7.506921673890487e-05,0.003307040226394409,0.02405732862188203,0.999705107913895
2047.089,-1.9275890775737419,-0.4982740525321095,0.007845521489086215,-7.550201259101475e-05,0.003307500999715687,0.02405772276901067,0.9997050968719488
2047.123,-1.9275878906815431,-0.49827400865333143,0.007833533247468686,-7.48086065857417e-05,0.0033070141375787735,0.024058120820299563,0.9997050889556192
2047.157,-1.9275867099510078,-0.4982739960821029,0.007826490889205251,-7.25943738120291e-05,0.003305794732036896,0.024058524354830538,0.9997050834406688
2047.191,-1.9275855554628034,-0.4982739838797104,0.007821504113304232,-7.040051208521586e-05,0.0033032779299784383,0.02405892982886438,0.9997050821588209
2047.225,-1.9275843230674916,-0.49827395745289976,0.007821859683163918,-6.885939628386411e-05,0.0033046786869833904,0.02405933232312262,0.9997050679502054
2047.259,-1.927583117726947,-0.4982739182317027,0.007830358661995253,-6.7962525783639e-05,0.0033058622360261905,0.02405973472632136,0.9997050544139859
2047.293,-1.9275818966342881,-0.4982738600476386,0.007843160718640498,-6.799098158888357e-05,0.0033081892138006187,0.024060134290201856,0.9997050370980881
2047.327,-1.927580715310487,-0.4982738248147864,0.007844045721515827,-6.687678877974176e-05,0.0033083312564691674,0.02406053702608295,0.9997050270103721
2047.361,-1.9275795382045486,-0.49827380681390127,0.0078252207682996,-6.490869806250627e-05,0.0033066874865091984,0.024060942666821093,0.999705022815586
2047.395,-1.9275782913176336,-0.4982737967744421,0.007817050165999685,-6.253404013172271e-05,0.003308096982525649,0.02406134845141509,0.9997050085372923
2047.429,-1.9275770525762639,-0.49827371492229544,0.007832286848857575,-6.372784092640588e-05,0.0033113323498950185,0.0240617472230872,0.9997049881527065
2047.463,-1.9275758773092215,-0.4982735390350088,0.007835211944837389,-6.96652548731954e-05,0.003310718943692079,0.024062135860137848,0.9997049804340661
2047.497,-1.9275747342821161,-0.4982733863461037,0.00784477450871861,-7.44905385390191e-05,0.003308797020756153,0.024062522528482372,0.9997049771422573
2047.531,-1.9275735895731394,-0.49827328031327967,0.007842383691103641,-7.695287809694062e-05,0.00330692725137555,0.02406291167458247,0.9997049737758384
2047.565,-1.9275724346062244,-0.498273285275288,0.007841616094514033,-7.388023153103534e-05,0.0033052595582118466,0.024063313135976077,0.9997049698595503
2047.599,-1.9275712704695973,-0.4982733120086587,0.007825161617147837,-6.972745546160656e-05,0.003302767132411083,0.02406372100429833,0.9997049685776191
2047.633,-1.9275700849239337,-0.4982732455935274,0.007822783032666676,-7.019582097399158e-05,0.0033022847451730313,0.024064120873777853,0.9997049605131411
2047.667,-1.9275688654940586,-0.49827320733740627,0.007817517349726404,-6.925272328032031e-05,0.0033028562004728604,0.02406452239085783,0.9997049490260012
2047.701,-1.9275676058447577,-0.49827316759914153,0.007831775965999729,-6.832181864338623e-05,0.003306922054181108,0.024064922559896874,0.9997049260160934
2047.735,-1.927566388691155,-0.4982731330722751,0.007843443960182888,-6.716669730051072e-05,0.0033089738205537124,0.02406532504829514,0.9997049096164375
2047.769,-1.9275652109520633,-0.49827310416841475,0.007843019866655433,-6.573828066292088e-05,0.0033088588287013393,0.024065729564516358,0.9997049003542284
2047.803,-1.9275640293208172,-0.4982730797277988,0.007822551089612405,-6.409835313705803e-05,0.003307160459647229,0.02406613544882778,0.999704896309733
2047.837,-1.9275628622049996,-0.49827297246896174,0.007818440823419898,-6.663385214981353e-05,0.003305411887590511,0.02406653264744792,0.9997048923649982
2047.871,-1.927561636274624,-0.4982728491837139,0.007823532616852662,-6.991643893281915e-05,0.003306877829634126,0.024066923550167478,0.9997048778822388
2047.905,-1.9275604348621767,-0.4982727418107238,0.007838591562085528,-7.242590318388938e-05,0.0033082577928242067,0.024067314644843196,0.9997048637226144
2047.939,-1.9275592504376045,-0.4982727017638149,0.00784491232222952,-7.158120101562143e-05,0.0033083406784896858,0.024067712794280723,0.9997048539238663
2047.973,-1.9275580806147505,-0.4982726733827685,0.00784325588472079,-7.013507227785687e-05,0.003307864533437644,0.024068114276485034,0.9997048459362765
2048.007,-1.9275569065749152,-0.498272650654633,0.007822573756110208,-6.841810362849814e-05,0.0033057841230631855,0.02406851848865461,0.9997048432052613
2048.041,-1.927555662313613,-0.49827262963590385,0.007819072997877556,-6.65875355269012e-05,0.003307401580709493,0.024068921955931747,0.9997048282652051
2048.075,-1.92755442445403,-0.4982726033792776,0.007835311448245428,-6.501283097918872e-05,0.003310508802839393,0.024069325478694222,0.9997048083688499
2048.109,-1.9275532612531956,-0.4982725256016264,0.007837534363802119,-6.607102541906323e-05,0.003309185092304642,0.024069725926570164,0.9997048030406097
2048.143,-1.9275521111352647,-0.498272400768999,0.007845526787681077,-6.948139234838485e-05,0.003307938559247174,0.02407011915102857,0.9997047974671721
2048.177,-1.9275509697904196,-0.4982723087620377,0.00783790693993576,-7.123811021103733e-05,0.003305587532022608,0.02407051354376342,0.9997047956241579
2048.211,-1.9275498073536392,-0.4982722747329432,0.007823529313945728,-7.011656891236283e-05,0.0033031626862440183,0.0240709138471139,0.9997047940799824
2048.245,-1.9275485707207645,-0.4982722444932066,0.007819179469441941,-6.875370663362544e-05,0.003304428242239275,0.024071314173259556,0.9997047803531262
2048.279,-1.9275473401744556,-0.4982722112699001,0.007835322667554897,-6.753448842916797e-05,0.0033071784785053274,0.024071715450476146,0.999704761679605
2048.313,-1.9275461529319209,-0.49827218364868764,0.00784483918808498,-6.606116160124354e-05,0.003307711762176791,0.02407211922389509,0.9997047502912506
2048.347,-1.927545000602506,-0.49827216031142346,0.007839834974752198,-6.437734090115519e-05,0.003306129512921554,0.0240725249214995,0.999704745866051
2048.381,-1.9275438215636027,-0.4982721400496305,0.007818441679030936,-6.255458183239543e-05,0.0033038705651790403,0.024072931428040123,0.9997047436611841
2048.415,-1.9275425800321686,-0.4982721171711327,0.007823417860412412,-6.081400806508899e-05,0.003306000681709391,0.024073335835123597,0.9997047269883836
2048.449,-1.9275413641317398,-0.49827209043148885,0.0078385738015616,-5.928714909312757e-05,0.003308020298583844,0.024073740855436995,0.9997047106460804
2048.483,-1.9275401908871295,-0.4982720659963846,0.007845345779520375,-5.7661726803119095e-05,0.0033078350253016886,0.024074147382800653,0.9997047015645979
2048.517,-1.927539045523475,-0.4982720025440565,0.007842238062229527,-5.801249252587477e-05,0.003305521157603734,0.024074550900091734,0.9997046994804948
2048.551,-1.9275378900562108,-0.4982718058765253,0.007832446665670196,-6.497924953657738e-05,0.003303740014572666,0.024074938036386724,0.9997046956167394
2048.585,-1.9275366929690483,-0.49827157649177994,0.007821783403092563,-7.356298624713994e-05,0.003303370637599626,0.024075316400853586,0.999704687130713
2048.619,-1.9275355040155064,-0.4982714449369742,0.007817000173395636,-7.727616933119049e-05,0.0033028009147511505,0.024075700923602887,0.9997046794726673
2048.653,-1.927534259627651,-0.4982713733409979,0.007825870520836596,-7.796673880859921e-05,0.0033054381113876556,0.02407609059067718,0.9997046613185061
2048.687,-1.927533046840834,-0.49827132907834143,0.007840180160105535,-7.731155546666144e-05,0.003307305989849748,0.02407648617798514,0.9997046456645754
2048.721,-1.9275318747637495,-0.4982713080753869,0.007845203444434515,-7.550837892580089e-05,0.0033070237592751515,0.024076887149652865,0.9997046370791343
2048.755,-1.9275307222263431,-0.49827130595888824,0.007831499158811253,-7.276409054882183e-05,0.0033047258387888558,0.024077292602590363,0.9997046351165162
2048.789,-1.927529511066782,-0.4982713110329483,0.007815828694316839,-6.96745005522789e-05,0.003303975644389415,0.024077699609360317,0.9997046280136583
2048.823,-1.9275282868602759,-0.4982712924768879,0.00782238623639032,-6.771789353049038e-05,0.0033057172932399216,0.024078104485699664,0.9997046126390734
2048.857,-1.9275271149027218,-0.4982712690054792,0.007826145032943443,-6.606362849200586e-05,0.003304776849593088,0.024078510320514196,0.9997046060843756
2048.891,-1.9275259338348534,-0.49827118648053187,0.00782863678483024,-6.734324021036547e-05,0.003304415108734833,0.02407890882304857,0.9997045975964942
2048.925,-1.9275247169948784,-0.4982711303166247,0.007841949872212947,-6.727911049797666e-05,0.003306551514801469,0.02407930780401419,0.999704580926926
2048.959,-1.9275235416133543,-0.4982710835238395,0.007844850660509464,-6.675294571914215e-05,0.003306451546260474,0.024079708956003764,0.9997045716304446
2048.993,-1.9275223806541864,-0.49827104464595257,0.007828178886382991,-6.58389541170184e-05,0.0033043046639055487,0.024080112104619942,0.9997045690787599
2049.027,-1.927521154362176,-0.49827101044686684,0.007816267693141135,-6.468678661350075e-05,0.003304537762657667,0.024080514829731833,0.9997045586828791
2049.061,-1.927519909515385,-0.4982709734582648,0.00783164631849861,-6.363586432241636e-05,0.0033078416492558073,0.024080916580170038,0.999704538146526
2049.095,-1.9275187070860358,-0.4982709399872942,0.007843446295156488,-6.24442644454916e-05,0.003309161901799761,0.024081320272018845,0.9997045241280936
2049.129,-1.927517550873923,-0.4982709060847747,0.007839436503827246,-6.128936113335349e-05,0.0033076874750459003,0.024081725509649668,0.999704519317413
2049.163,-1.9275164102949356,-0.4982707877776352,0.007840016908551751,-6.438236569308325e-05,0.00330535584643611,0.02408212175693016,0.9997045172896459
2049.197,-1.9275152529885067,-0.4982706720493293,0.007822433013984324,-6.733312372169672e-05,0.003302456477411529,0.02408251521968147,0.9997045171990366
2049.231,-1.927514056682803,-0.49827062182109527,0.007817395960452488,-6.701296178897584e-05,0.003301882245030455,0.024082913123396176,0.9997045095318886
2049.265,-1.927512819634425,-0.49827057167430505,0.007831780051191886,-6.66260572853848e-05,0.0033048348030605052,0.02408331073731968,0.9997044902228972
2049.299,-1.927511579220798,-0.4982705509352987,0.007843134387903437,-6.475884493121637e-05,0.0033081117409912764,0.024083713079025567,0.9997044698146189
2049.333,-1.9275103720503142,-0.49827048028133625,0.00784513665392431,-6.539597928701626e-05,0.0033093289671521486,0.02408411290525476,0.9997044561122652
2049.367,-1.9275091987419724,-0.49827040341323314,0.007834971131773316,-6.635221188391793e-05,0.003308472167628754,0.024084512031674672,0.9997044492696311
2049.401,-1.9275080097489496,-0.4982703093628121,0.00782520031911679,-6.819139935078635e-05,0.0033074496762661716,0.02408490844979319,0.9997044429787921
2049.435,-1.9275068136701041,-0.4982701464558251,0.007816516691149272,-7.348719741441662e-05,0.003306623767573597,0.02408529397302342,0.9997044360475374
2049.469,-1.9275055868099549,-0.49827000357125173,0.007831690716625183,-7.773332904885434e-05,0.003309145978334712,0.024085679331329463,0.9997044180964553
2049.503,-1.9275043836218488,-0.4982699633082585,0.00784603537067585,-7.688707535372083e-05,0.003310498434492463,0.024086074800372625,0.9997044041561505
2049.537,-1.9275032208715275,-0.49826998948189566,0.007841564780962543,-7.27243142788094e-05,0.003309344029985425,0.024086480900149806,0.9997043985054342
2049.571,-1.9275020755033367,-0.49827003020248695,0.00784012303781262,-6.788360494901178e-05,0.0033068643126889286,0.02408689256522608,0.999704397132865
2049.605,-1.9275009424802971,-0.4982700438069329,0.007840973031666792,-6.442625084288365e-05,0.0033038472245969313,0.02408730391336324,0.9997043974260391
2049.639,-1.9274997816044388,-0.49826998496351865,0.007831910483853422,-6.453560972973512e-05,0.003302017194010289,0.024087706994243063,0.999704393753156
2049.673,-1.9274985897706223,-0.49826984481859754,0.007827833683137718,-6.866457117905435e-05,0.003301950704823855,0.024088099200581716,0.9997043842474747
2049.707,-1.9274973726056757,-0.4982697466039369,0.007817382555283093,-7.07092997063685e-05,0.0033022347871301846,0.02408849271424928,0.9997043736847214
2049.741,-1.9274960979989104,-0.49826965872756546,0.00782776590544165,-7.215649257707554e-05,0.00330668154779613,0.024088884571676922,0.9997043494407105
2049.775,-1.9274948850998481,-0.49826962102040945,0.007829899300058762,-7.115650267552076e-05,0.0033078147683785,0.02408928418549093,0.9997043361342598
2049.809,-1.92749370679519,-0.4982695877177978,0.007833368095498297,-6.99804126435785e-05,0.003307181224400364,0.024089686108116938,0.9997043286283717
2049.843,-1.9274925351338335,-0.4982695701395713,0.007842761875722876,-6.803793193595195e-05,0.00330657672168397,0.024090090020460038,0.9997043210289879
2049.877,-1.9274913761587196,-0.49826955770347414,0.007845029610645994,-6.581783179884513e-05,0.003305643592764665,0.024090495752555723,0.9997043144864618
2049.911,-1.9274902315347844,-0.4982695471679341,0.007828205311520193,-6.350952119470917e-05,0.0033026537799476356,0.024090903486495802,0.9997043146919768
2049.945,-1.927489021530383,-0.49826953594041445,0.00781628001881922,-6.12308648230535e-05,0.0033020516469024932,0.024091310463526503,0.9997043070157557
2049.979,-1.9274877616665218,-0.49826945550805396,0.007829266047462218,-6.232416127338058e-05,0.003306223770241546,0.024091709016353085,0.9997042835542675
2050.013,-1.9274865410684119,-0.4982692927042966,0.007838849941790767,-6.756605223742525e-05,0.003308262683222747,0.024092098342842386,0.9997042670861649
2050.047,-1.9274853515419084,-0.498269145445808,0.007845380842900375,-7.203969156356656e-05,0.003309028318588124,0.02409248620987289,0.9997042548924641
2050.081,-1.9274841882426166,-0.49826902451054145,0.007834960063809583,-7.520247600975966e-05,0.0033077177739399694,0.0240928757051734,0.9997042496098388
2050.115,-1.9274829757478829,-0.4982689257458532,0.00781618667643461,-7.727463582334273e-05,0.0033070521559355813,0.024093266508340868,0.9997042422354858
2050.149,-1.9274817189808944,-0.49826883964639723,0.007827649737408128,-7.865500983893736e-05,0.003310573439676615,0.024093656965195626,0.9997042210628769
2050.183,-1.9274805138000721,-0.4982688490179704,0.007838628325355017,-7.531546765839905e-05,0.0033119563037437728,0.024094059603760994,0.9997042070356776
2050.217,-1.927479359110076,-0.4982689103993029,0.007842260942229888,-6.941882088677707e-05,0.003310589017770511,0.024094472123523076,0.9997042020490219
2050.251,-1.9274782175184968,-0.4982689362103459,0.007837230802515445,-6.532145688420048e-05,0.003307818982490203,0.024094884742948082,0.9997042015495935
2050.285,-1.9274770888412165,-0.4982689404754877,0.00783732431755956,-6.233546455606726e-05,0.0033044945038331335,0.024095296234923555,0.999704202816871
2050.319,-1.927475960384554,-0.49826886682745813,0.007822701361055695,-6.32237683116904e-05,0.003300299731124024,0.024095698620882854,0.9997042069194325
2050.353,-1.9274747559616758,-0.4982687757047865,0.007820411280779925,-6.4936047534851e-05,0.0033006720824967205,0.024096095721939062,0.9997041960090358
2050.387,-1.9274735575587603,-0.4982686398903037,0.00781788884579331,-6.884341201631589e-05,0.003300826582458919,0.024096486005211224,0.9997041858303175
2050.421,-1.9274722920490732,-0.49826853791627307,0.007832157465682962,-7.100723086193941e-05,0.00330529369172785,0.02409687623063844,0.99970416151355
2050.455,-1.9274710523188907,-0.49826850343278045,0.00783996641428569,-6.982374672291654e-05,0.0033081609244671206,0.024097274791205714,0.9997041425059614
2050.489,-1.9274698223714541,-0.4982684753688392,0.007845501764608364,-6.830696555936137e-05,0.003310832036434965,0.024097676416183926,0.9997041240870851
2050.523,-1.927468642086047,-0.49826843233792845,0.007839296849199378,-6.757806063433566e-05,0.00331013491335328,0.024098079323036856,0.999704116733047
2050.557,-1.9274674946445232,-0.4982683938356322,0.007837217044259092,-6.668268632095124e-05,0.0033077401181358206,0.024098483159996773,0.9997041149850878
2050.591,-1.9274663590732484,-0.4982683450117518,0.007837322656622804,-6.633382263258867e-05,0.0033048193060098855,0.024098885743918167,0.9997041149635628
2050.625,-1.9274652291416536,-0.49826825887515414,0.007830066261382855,-6.783845852485944e-05,0.0033013454745637063,0.024099283255311597,0.9997041167578443
2050.659,-1.9274640275691217,-0.49826820403854477,0.007818296382127264,-6.774372117069946e-05,0.0033005924292718804,0.024099681705416365,0.9997041096454999
2050.693,-1.9274627642414235,-0.49826817146227287,0.00783035851377021,-6.644840132451804e-05,0.003304725519562167,0.024100081317682435,0.9997040864447496
2050.727,-1.9274615375528033,-0.49826806590669764,0.007831663319367825,-6.881841847783269e-05,0.003306707830849499,0.024100475995381378,0.9997040702148524
2050.761,-1.9274603073356393,-0.4982679240126278,0.007843626396933751,-7.299682763386135e-05,0.0033095373439596507,0.024100864854823115,0.9997040511807891
2050.795,-1.9274591161653305,-0.49826780753144506,0.007843022820108113,-7.591224395968385e-05,0.003310191398790925,0.024101255244514064,0.9997040393865945
2050.829,-1.9274579318575165,-0.4982677213255644,0.007817715660629698,-7.733221458643316e-05,0.0033083312724401883,0.024101648745272156,0.99970403594848
2050.863,-1.9274566463934564,-0.4982677043445815,0.007826358994780442,-7.526334191061481e-05,0.0033126742029037626,0.02410204745645346,0.9997040121123161
2050.897,-1.9274554352281599,-0.49826768938005517,0.00784116016301375,-7.31453006719825e-05,0.003314383572247182,0.024102450094823993,0.9997039968964452
2050.931,-1.9274543172416845,-0.49826770747679766,0.007843165296270521,-6.94366236647515e-05,0.0033111887880738385,0.02410285963925911,0.9997039978736583
2050.965,-1.9274532028381766,-0.4982677348047897,0.00782518872658617,-6.528048200679361e-05,0.0033063445197018034,0.02410327197754207,0.9997040042454329
2050.999,-1.9274520400484265,-0.4982677250036269,0.007818397000810691,-6.297258908228743e-05,0.0033040634517165213,0.024103680528674752,0.9997040020846828
2051.033,-1.9274507942651544,-0.49826766615791906,0.00783380612746656,-6.303762095093004e-05,0.00330718737610614,0.02410408122062443,0.999703982089912
2051.067,-1.9274496357467708,-0.4982675190579417,0.007834576259968994,-6.755136936735638e-05,0.003305760115871713,0.024104473558614194,0.9997039770558738
2051.101,-1.9274484603538014,-0.49826738932500475,0.007842911514859127,-7.119146196552503e-05,0.0033055045880042108,0.024104863264381552,0.999703968251702
2051.135,-1.9274472846422623,-0.4982673014769594,0.007842660862892373,-7.271241733049603e-05,0.0033052135130977054,0.024105255733151896,0.9997039596413414
2051.169,-1.9274460858848232,-0.49826730098979943,0.007842740698809072,-6.987179741410314e-05,0.003305618899369437,0.024105658257917443,0.9997039487976311
2051.203,-1.9274449027779212,-0.4982672831648855,0.007838237501703748,-6.788143321345413e-05,0.0033054327493051722,0.024106061961158942,0.9997039398157715
2051.237,-1.927443681432538,-0.4982672756533181,0.007817078289917838,-6.537527588399901e-05,0.00330519366806462,0.024106468449182433,0.9997039309714644
2051.271,-1.9274424052020598,-0.49826727617891736,0.007825784993684408,-6.242840558028051e-05,0.0033093508159704444,0.02410687505587869,0.9997039076021015
2051.305,-1.9274411759020058,-0.4982672116260603,0.007837780957798576,-6.275458772558322e-05,0.0033120863109892453,0.024107277009013467,0.999703888829758
2051.339,-1.9274400092207489,-0.49826703944746276,0.00784035715723658,-6.850814993627885e-05,0.0033110119804672477,0.02410766722938392,0.999703882600771
2051.373,-1.927438880361459,-0.4982668768292707,0.007841754447629364,-7.382508509061671e-05,0.0033080342478203797,0.02410805414201086,0.9997038827496659
2051.407,-1.9274377609637592,-0.4982667641401302,0.007843996920880291,-7.666925041808128e-05,0.0033045559340372827,0.02410844289266032,0.9997038846644521
2051.441,-1.9274366103412504,-0.49826673000606025,0.007841807551225122,-7.554579880652753e-05,0.0033028714753399607,0.02410883936562985,0.9997038807553426
2051.475,-1.9274354253950965,-0.4982667814329697,0.007842392358062165,-7.013087830623412e-05,0.0033027030889548285,0.024109247476048205,0.999703871864116
2051.509,-1.9274342095923946,-0.4982668366027276,0.007818847711809056,-6.449946861024065e-05,0.003302255412087703,0.024109660723543924,0.9997038637560662
2051.543,-1.927432932251,-0.49826687651540164,0.007823427849398459,-5.9581468432503084e-05,0.003306105662183535,0.024110073614904224,0.9997038413778769
2051.577,-1.9274317138944124,-0.4982668875282683,0.007831961126594605,-5.615284798931309e-05,0.003307816379104504,0.0241104867006846,0.9997038259548255
2051.611,-1.9274305493794388,-0.4982667660237111,0.007828824142582742,-5.938108631473131e-05,0.003306275839092191,0.024110886738063542,0.9997038212163974
2051.645,-1.9274293536744094,-0.4982665185065451,0.007839369569631428,-6.887993653905459e-05,0.003307196455281089,0.024111267158650765,0.9997038083868466
2051.679,-1.9274281800531246,-0.498266320114296,0.007841837392505449,-7.591980275203854e-05,0.0033069317523648266,0.024111646535654375,0.9997037996026165
2051.713,-1.9274269980412262,-0.4982662479142896,0.007845339196509751,-7.666401437930833e-05,0.003306869921385799,0.024112036957401776,0.9997037903337752
2051.747,-1.927425846471953,-0.49826621979081814,0.0078315437122363,-7.521299714626429e-05,0.0033045580756037446,0.024112435389088853,0.9997037884786358
2051.781,-1.9274246360423828,-0.49826620393453325,0.007815831951129374,-7.316310021390001e-05,0.0033037946604082546,0.02411283710041754,0.9997037814647755
2051.815,-1.9274233930230347,-0.4982662012958077,0.00782991418433493,-7.039885367360763e-05,0.003306813063338638,0.024113240663628615,0.9997037619495405
2051.849,-1.9274221914255096,-0.4982661868814862,0.007836870560987738,-6.82554955072639e-05,0.0033077598063065068,0.02411364609493725,0.9997037491868576
2051.883,-1.927421026616514,-0.49826616065991275,0.00783889720968169,-6.673511331061983e-05,0.0033064525668797377,0.024114051446740878,0.9997037438364785
2051.917,-1.9274198524802788,-0.49826607479606877,0.007840687337546426,-6.818117579848695e-05,0.003305738369509504,0.024114449599970996,0.9997037364967933
2051.951,-1.9274186762702599,-0.49826601847898583,0.007845607662140017,-6.813719724013814e-05,0.0033057333042371445,0.024114849266459907,0.9997037268758676
2051.985,-1.9274175148374968,-0.4982659718653185,0.007828251930487525,-6.760322909334229e-05,0.003303634168615456,0.02411525080190972,0.999703724165237
2052.019,-1.927416287944272,-0.4982659317074905,0.007816271535473143,-6.674299713869872e-05,0.003303904888031727,0.024115652127770497,0.9997037136473566
2052.053,-1.9274150424324765,-0.49826589029118984,0.0078316457643913,-6.590767728933347e-05,0.003307246320080693,0.02411605269328477,0.9997036929913038
2052.087,-1.9274138392881572,-0.4982658537203971,0.007843445518282454,-6.486545278733262e-05,0.0033086047213056963,0.024116455389759726,0.9997036788502406
2052.121,-1.9274126753384724,-0.4982658225293279,0.007843030130851367,-6.356168031157529e-05,0.003307809851182537,0.02411685999336917,0.999703671803781
2052.155,-1.9274115072661626,-0.49826579564051565,0.007822560155511955,-6.205418050587477e-05,0.0033054432732904948,0.024117265883973275,0.99970366993441
2052.189,-1.9274103166860808,-0.49826574454259803,0.007818541875966277,-6.177606513114287e-05,0.0033046103084967402,0.024117668967158938,0.9997036629811943
2052.223,-1.9274091223054861,-0.49826561223141924,0.007823684459830848,-6.55212303376557e-05,0.00330471429302815,0.024118061408221696,0.9997036529313671
2052.257,-1.9274079433360305,-0.4982655181098727,0.007831920912502637,-6.738024360110346e-05,0.0033046140283830017,0.024118455396724362,0.9997036436341035
2052.291,-1.9274067479393784,-0.4982654651985874,0.007844065597321136,-6.716850723200223e-05,0.0033056556524016407,0.024118853006007437,0.99970363061198
2052.325,-1.9274055697226544,-0.4982654303600264,0.007845879992895627,-6.603758276276349e-05,0.0033056681709313644,0.024119254139891282,0.9997036209680931
2052.359,-1.927404358755666,-0.4982654071999526,0.007830908391332235,-6.429039339335681e-05,0.0033061385672801084,0.024119658146785777,0.9997036097791193
2052.393,-1.9274031430479948,-0.4982653238762674,0.007816181930450337,-6.558210314915387e-05,0.0033059291327790638,0.02412005691314915,0.999703600766779
2052.427,-1.9274018768192074,-0.4982652471974864,0.007827653579115882,-6.647826392966108e-05,0.003309927961521418,0.024120453213873294,0.9997035779141171
2052.461,-1.9274006964422787,-0.4982651187533926,0.00783098687662832,-7.00389637372182e-05,0.003309523155930649,0.02412084466086299,0.9997035695664344
2052.495,-1.9273995118655707,-0.49826495847105756,0.007843604863819421,-7.518772866055577e-05,0.0033100831438577683,0.024121230445194184,0.9997035580301773
2052.529,-1.9273983501959517,-0.49826484233910734,0.007842162021565034,-7.81263262544127e-05,0.003309039137506384,0.024121619561588075,0.9997035518722486
2052.563,-1.9273971966718075,-0.4982648356114471,0.007821781063976112,-7.561972108103288e-05,0.00330616414319719,0.024122020808608112,0.9997035518954733
2052.597,-1.9273959973889105,-0.4982648801807996,0.007817209855785006,-7.055861560426788e-05,0.0033056475585664454,0.02412242949381594,0.9997035441124615
2052.631,-1.9273947935606464,-0.4982648962768528,0.007822539712212214,-6.689773012861088e-05,0.0033060453472872437,0.02412283785962453,0.9997035331949436
2052.665,-1.9273935744369064,-0.4982649186740808,0.007837327767414578,-6.291350970449238e-05,0.0033082041565767085,0.02412324841067592,0.9997035164053719
2052.699,-1.9273923942797309,-0.49826485624776073,0.007837944192917954,-6.317954458288738e-05,0.003307780626917525,0.024123652212384095,0.9997035080460632
2052.733,-1.927391231501324,-0.498264693304704,0.00784068890751572,-6.848354848176549e-05,0.0033065685058044384,0.02412404336343285,0.9997035022678071
2052.767,-1.9273900613943928,-0.4982645413107741,0.007846569286095149,-7.322772682096359e-05,0.0033060600170403973,0.024124430495561244,0.9997034942712407
2052.801,-1.927388888139622,-0.49826443506986495,0.007840947935418369,-7.565212761124263e-05,0.003305538865439997,0.02412482016817914,0.9997034864105544
2052.835,-1.9273877027191293,-0.49826443928080116,0.007837487324718747,-7.257172221340869e-05,0.0033051894616342647,0.024125222065491187,0.9997034780955094
2052.869,-1.927386500160356,-0.4982644724671879,0.007817061242853258,-6.805870079636517e-05,0.003303949289623764,0.024125630940395573,0.9997034726451803
2052.903,-1.9273852667477824,-0.4982644737800492,0.007818255332447297,-6.511608308912619e-05,0.0033056280959960086,0.024126038543670084,0.9997034574547474
2052.937,-1.9273840822806503,-0.49826446654233303,0.007822153093220314,-6.262907564722718e-05,0.003305287708235478,0.024126447082841465,0.9997034488796783
2052.971,-1.9273828713727164,-0.4982643665315837,0.007832077142746129,-6.475069061092305e-05,0.003306800577982573,0.024126844619911134,0.9997034341473336
2053.005,-1.9273816834093394,-0.49826427329573775,0.00784351274774059,-6.654923220182747e-05,0.003307476899355832,0.02412724089437305,0.9997034222281052
2053.039,-1.9273805339338796,-0.4982641957042014,0.007843042975549976,-6.757395560378123e-05,0.003306013588000463,0.024127638361457076,0.9997034174068905
2053.073,-1.9273793796587535,-0.4982641315411467,0.00782256786689477,-6.793922621530075e-05,0.003302997996099331,0.024128037331879747,0.9997034177209814
2053.107,-1.9273781788793884,-0.4982641081422193,0.007817514972739036,-6.626355623953494e-05,0.0033026760462997414,0.02412843958534689,0.9997034091885706
2053.141,-1.9273769987260385,-0.4982640313833754,0.007818175755770894,-6.725498710252731e-05,0.0033019971891103637,0.024128837731333144,0.9997034017552731
2053.175,-1.927375779300233,-0.49826397851058246,0.007824776885414943,-6.700896700330795e-05,0.0033035521222411443,0.02412923648108049,0.9997033870103743
2053.209,-1.9273745492667553,-0.49826392755950233,0.00783872436617854,-6.66637687238588e-05,0.003306330904231465,0.02412963569339993,0.9997033682113897
2053.243,-1.9273733617486914,-0.4982638849324355,0.007845344196352482,-6.592073304125752e-05,0.0033068749495344736,0.024130037405629176,0.9997033567650596
2053.277,-1.9273722012993992,-0.49826384904384696,0.007834962677917183,-6.484436474817034e-05,0.0033053327089085194,0.024130441177146744,0.9997033521897825
2053.311,-1.9273709924148974,-0.498263817949025,0.007816191162046746,-6.354458308495051e-05,0.0033044236901308877,0.024130845372482803,0.9997033455219462
2053.345,-1.9273697399043792,-0.49826378418840694,0.00782765346782005,-6.231725940535454e-05,0.003307691447613103,0.02413124771979571,0.9997033250806623
2053.379,-1.9273685524445707,-0.4982637388303582,0.007834952928102332,-6.172715989962582e-05,0.0033079162935211797,0.024131651135595483,0.9997033146354086
2053.413,-1.9273673842422852,-0.4982636114123824,0.007843712895142265,-6.52570096799819e-05,0.0033072626123645333,0.024132045420940093,0.9997033070563172
2053.447,-1.9273662373717817,-0.49826350507677036,0.007842217974917621,-6.772452920210391e-05,0.0033054860786669677,0.02413243921678596,0.9997033032618328
2053.481,-1.927365085704881,-0.49826345407265016,0.007835840073845352,-6.742995253848024e-05,0.0033035984827783594,0.02413283808469455,0.9997032998926452
2053.515,-1.927363884851929,-0.4982634109202845,0.0078162853748433,-6.673956600986494e-05,0.0033023176298429815,0.024133238436850973,0.9997032945062511
2053.549,-1.9273626400219672,-0.49826336812216876,0.007827663889785586,-6.59714615589278e-05,0.0033052105983306084,0.024133637959064615,0.9997032753520054
2053.583,-1.9273614321551404,-0.49826332854975824,0.007841319172400564,-6.507929629317724e-05,0.0033068245867114193,0.024134039667188904,0.9997032603753878
2053.617,-1.9273602656230269,-0.4982632949608736,0.007844801959536402,-6.390007222589995e-05,0.0033062609821747605,0.024134443507552394,0.9997032525663199
2053.651,-1.9273591135433248,-0.49826326623008366,0.007828182388546016,-6.248488259611267e-05,0.0033036647399009417,0.024134849025073405,0.9997032514488802
2053.685,-1.9273578960999533,-0.49826323952050144,0.007816273440392745,-6.096380271488547e-05,0.00330345454266247,0.02413525377195349,0.9997032424659145
2053.719,-1.9273566600541037,-0.49826320771953203,0.007831652394513083,-5.965846314241089e-05,0.0033063208179672362,0.02413565720544009,0.9997032233291928
2053.753,-1.9273554479131136,-0.49826316669575166,0.00784916607293085,-5.883448304444441e-05,0.003308511108993319,0.024136060714590065,0.99970320638974
2053.787,-1.9273542444457414,-0.4982630458718861,0.007843414054415429,-6.196335005267407e-05,0.0033093011343489796,0.02413645651436657,0.999703194029846
2053.821,-1.9273530760561701,-0.49826283178878567,0.007842423747921268,-6.978644373661199e-05,0.0033083103508836677,0.02413683973595987,0.9997031875411997
2053.855,-1.9273519140871551,-0.49826261921646087,0.00784161477291002,-7.754729674711814e-05,0.003307193672604949,0.02413721699432683,0.9997031815555044
2053.889,-1.927350698220589,-0.4982625032928355,0.007816813141875836,-8.045757307185667e-05,0.003306456436295598,0.0241376028379587,0.9997031744481214
2053.923,-1.9273495017071807,-0.49826251550719336,0.007816555785666191,-7.698168994613763e-05,0.00330636334213182,0.024138003387468517,0.9997031653584658
2053.957,-1.927348270148564,-0.4982625693946077,0.007833780200606023,-7.14118737017446e-05,0.003309051672459206,0.024138411688622713,0.9997031470184157
2053.991,-1.9273470817905867,-0.4982626281492809,0.007844348357990413,-6.562788626003541e-05,0.003309559497060615,0.024138825738638004,0.9997031357362424
2054.025,-1.927345920995867,-0.4982626255247252,0.007844549988324455,-6.29178489153169e-05,0.0033083343238031423,0.024139236645879768,0.9997031300438649
2054.059,-1.927344785800293,-0.4982626032976251,0.007828214888580542,-6.119868766302003e-05,0.0033048872980012004,0.02413964570596623,0.9997031316745278
2054.093,-1.9273435850419411,-0.4982625817236785,0.007816287843766217,-5.944115003563769e-05,0.0033038408258645557,0.02414005262843661,0.9997031254135617
2054.127,-1.927342329760827,-0.4982625359441961,0.007838523219495658,-5.882533749091788e-05,0.0033080933776948904,0.02414045476272899,0.9997031016765092
2054.161,-1.927341136111542,-0.4982624050793496,0.00783771814585561,-6.248001842592933e-05,0.0033084278899475775,0.024140849587114314,0.999703090813646
2054.195,-1.927339955331997,-0.49826223509486656,0.007845508326300588,-6.809539212387716e-05,0.0033087753254870435,0.02414123694999447,0.9997030799429334
2054.229,-1.9273388008940173,-0.4982620941929736,0.007834979876160006,-7.225822884180953e-05,0.0033070559211411353,0.02414162504687294,0.9997030759680492
2054.263,-1.927337596978807,-0.4982619780873938,0.007816192177321433,-7.519933755907697e-05,0.00330598903790502,0.024142013983139574,0.9997030698874435
2054.297,-1.9273363485259973,-0.49826187704936953,0.007827654410492388,-7.732844677295652e-05,0.0033091182131653185,0.024142402473613055,0.9997030499902283
2054.331,-1.9273351364991775,-0.4982617922130652,0.007841315057923334,-7.868565693559987e-05,0.0033109775918102225,0.024142794182333824,0.9997030342681887
2054.365,-1.927333965351464,-0.4982617247229003,0.007844798398236994,-7.918878655333532e-05,0.0033106661288576753,0.02414318926499395,0.9997030257186551
2054.399,-1.9273328013062676,-0.4982617250232199,0.007820745016821595,-7.631042024829701e-05,0.0033079696919521544,0.02414359282302062,0.9997030251223775
2054.433,-1.9273315991316105,-0.498261793650178,0.007816966241723532,-7.005275692232111e-05,0.0033074917369088452,0.02414400541718235,0.9997030171973259
2054.467,-1.9273304331767636,-0.49826177378192615,0.0078189393426494,-6.821554747665223e-05,0.00330608065002782,0.024144412385750106,0.9997030121630732
2054.501,-1.9273292352009768,-0.4982617096054984,0.007835474705213966,-6.857097406801604e-05,0.0033072408818995646,0.02414481298882427,0.9997029986258447
2054.535,-1.9273280757553481,-0.4982616773272453,0.0078402366611413,-6.735222042400972e-05,0.003306070155791813,0.024145216241639036,0.999702992841598
2054.569,-1.9273269114358254,-0.4982616815610899,0.007845538595706126,-6.430159774787085e-05,0.0033053951169447443,0.02414562366297243,0.9997029854343497
2054.603,-1.9273257621752165,-0.4982616841284228,0.007828257235424851,-6.132794485473692e-05,0.00330263671046455,0.02414603327403044,0.9997029848443844
2054.637,-1.9273244958275955,-0.49826165996951244,0.007821435656458226,-5.963333451018418e-05,0.0033051270242261217,0.024146438481143714,0.9997029669296253
2054.671,-1.927323281351391,-0.49826153355244246,0.007823175591134074,-6.304597294535325e-05,0.0033064698879502717,0.024146834030380523,0.9997029527256558
2054.705,-1.9273220452990354,-0.49826137831133815,0.007838693658508504,-6.789233679616478e-05,0.0033096395224930892,0.024147222514549507,0.9997029325363085
2054.739,-1.9273208514110047,-0.4982612494319269,0.007845337346484753,-7.143823775131373e-05,0.0033105997618131998,0.02414761189462137,0.9997029197044401
2054.773,-1.927319683956074,-0.4982611434538281,0.007834954741840157,-7.384419569498968e-05,0.003309481656317596,0.024148003438553976,0.9997029137739536
2054.807,-1.9273184713755138,-0.49826106076571686,0.007813246911764132,-7.510517823725064e-05,0.0033085299990775253,0.02414839687398283,0.9997029073264087
2054.841,-1.9273172083194867,-0.49826104631478385,0.00783392466567722,-7.29083248521166e-05,0.0033128941314428517,0.024148796220752507,0.9997028833898294
2054.875,-1.927316032952457,-0.49826103724924786,0.007844665960094413,-7.051633696186819e-05,0.003312779567179511,0.024149200585310417,0.9997028741731594
2054.909,-1.9273149098663356,-0.4982610059361235,0.007844571144617627,-6.927181967340441e-05,0.0033095892240215348,0.02414960516470012,0.9997028750538693
2054.943,-1.9273137838453291,-0.49826097687040194,0.007825449828125566,-6.790602779822516e-05,0.0033054313167640704,0.024150009967742185,0.9997028791251625
2054.977,-1.9273125857487523,-0.49826095680910504,0.007818844544961082,-6.608542637322826e-05,0.003304612430982576,0.024150414275057958,0.999702872187402
2055.011,-1.92731138303723,-0.49826088736203944,0.00782701029199493,-6.668564279252854e-05,0.0033055213230211377,0.024150812933949405,0.999702859511984
2055.045,-1.9273101798857406,-0.49826081176640696,0.007833960523821844,-6.758892310117288e-05,0.003306653673842144,0.024151210746192635,0.9997028460961347
2055.079,-1.9273089649798973,-0.4982607216116058,0.007844937650053447,-6.91993735123097e-05,0.003308697337255777,0.024151605655364356,0.999702829683724
2055.113,-1.9273077864646664,-0.49826066004069586,0.007841514667670595,-6.938076080366493e-05,0.003308585975207242,0.024152004007529232,0.9997028204159351
2055.147,-1.9273065913322613,-0.4982606189038569,0.007820270828465268,-6.855245820373944e-05,0.0033073666330536867,0.024152405191911617,0.9997028148154634
2055.181,-1.9273053271132479,-0.49826059125447614,0.007821449671098385,-6.70229978860905e-05,0.0033103242371682407,0.024152806695213642,0.9997027954297749
2055.215,-1.927304125843817,-0.4982605558878506,0.007838092272932048,-6.593330977008052e-05,0.003311564307771781,0.024153209445661593,0.9997027816646846
2055.249,-1.9273029894221634,-0.4982604737361609,0.007840026845187151,-6.722969925464387e-05,0.003308901874613798,0.024153608952169645,0.9997027807419251
2055.283,-1.9273018735105059,-0.49826034277463455,0.00784501163877946,-7.096681847083413e-05,0.0033059076053364805,0.0241540011815083,0.9997027809131769
2055.317,-1.9273007293316784,-0.49826028698421465,0.00784227966169802,-7.092996371813764e-05,0.003303574298723496,0.024154398228955962,0.9997027790358444
2055.351,-1.9272995710717518,-0.4982602932288263,0.00782942151142922,-6.778085543777932e-05,0.00330141489473032,0.02415480319026937,0.9997027766032701
2055.385,-1.9272983445232104,-0.49826029846916436,0.007817994073277917,-6.465406878156533e-05,0.0033018070602284775,0.02415520965497111,0.9997027656941401
2055.419,-1.9272970573236219,-0.49826031459205095,0.00783031947195107,-6.0896546518432886e-05,0.003307075284078313,0.024155617578967233,0.9997027386598752
2055.453,-1.927295820106741,-0.4982602665444463,0.007838464962855507,-6.0385479678399796e-05,0.0033098212003509755,0.02415602204752485,0.999702719830278
2055.487,-1.9272946372853368,-0.49826015998947615,0.00784004493435258,-6.284059061166536e-05,0.003309515211872249,0.024156419693613276,0.9997027110835044
2055.521,-1.927293475701217,-0.4982600073682407,0.00784497660943729,-6.760353379110849e-05,0.003308830943198321,0.024156809649054593,0.9997027036149951
2055.555,-1.927292327940444,-0.49825988086438483,0.007828200836444069,-7.106294075917827e-05,0.00330613250390351,0.024157201053359233,0.9997027028447971
2055.589,-1.9272911138453248,-0.49825977543970773,0.007816274277450162,-7.346581285874687e-05,0.0033058370678999975,0.02415759177859852,0.9997026942063894
2055.623,-1.9272898803066802,-0.49825968177126934,0.007831652757861702,-7.524392258333294e-05,0.003308635237419481,0.024157982336955527,0.9997026753793475
2055.657,-1.9272886884388962,-0.49825962698812687,0.007837969438003314,-7.511211298146806e-05,0.0033091039167617675,0.024158378393430262,0.9997026642671503
2055.691,-1.9272875327719179,-0.49825959525985164,0.007839908230558877,-7.387060259677758e-05,0.003307332205859832,0.024158779108536244,0.999702660539022
2055.725,-1.9272863747382722,-0.4982595854496753,0.007845555124831725,-7.152609468804833e-05,0.0033063465892760615,0.024159183091026527,0.9997026542070515
2055.759,-1.927285215638855,-0.4982595871063761,0.007833557676529369,-6.858489073843361e-05,0.003304430727888998,0.024159589984629918,0.9997026509144867
2055.793,-1.9272840472790769,-0.49825960048862983,0.00783192811929497,-6.509292591103662e-05,0.0033029443877199034,0.024159999866726123,0.9997026461542065
2055.827,-1.927282845572372,-0.4982595406624278,0.0078183762188607,-6.521232915761548e-05,0.00330236666693833,0.024160401974599944,0.9997026383371082
2055.861,-1.9272816018429488,-0.4982594637830613,0.007818379870657699,-6.614888556882153e-05,0.0033046796763596138,0.024160800442139353,0.9997026210021442
2055.895,-1.92728040656864,-0.49825939194811625,0.007822149771874795,-6.686401065046539e-05,0.003304956000697708,0.0241611991691178,0.9997026104045882
2055.929,-1.9272791845147863,-0.4982592394397505,0.007832065875950148,-7.158434833426147e-05,0.0033070822648397324,0.02416158733102265,0.999702593664846
2055.963,-1.9272779851422188,-0.49825912696828567,0.007838018780397717,-7.431796945845256e-05,0.003308004744049912,0.0241619774608569,0.9997025809842816
2055.997,-1.9272767774944533,-0.4982590643786098,0.007846010647942728,-7.455203044998773e-05,0.0033096119218233976,0.02416237239755558,0.9997025661020599
2056.031,-1.927275597334079,-0.4982590139436474,0.0078350133735487,-7.417195394558387e-05,0.00330907345889708,0.024162770881376493,0.9997025582815617
2056.065,-1.9272743688125842,-0.49825897313516004,0.007816182943387902,-7.332823089829617e-05,0.003309145414220649,0.0241631710445517,0.9997025484336178
2056.099,-1.9272731231327704,-0.4982589482823737,0.007828307295911429,-7.165711229826053e-05,0.0033119915646366597,0.024163572348592382,0.9997025294298741
2056.133,-1.9272719401361178,-0.4982589483480662,0.00784243723433807,-6.881205352791488e-05,0.0033122779955935744,0.024163978742140328,0.9997025188578503
2056.167,-1.9272707964068114,-0.4982589617288129,0.007844015971876003,-6.530883810694477e-05,0.0033104780336921636,0.02416438847339741,0.9997025151512077
2056.201,-1.9272696566830867,-0.4982589836915374,0.007825246519578742,-6.138197540997512e-05,0.0033069284333903165,0.024164800848050724,0.9997025171802679
2056.235,-1.9272684422343775,-0.49825893293422135,0.007818740756306095,-6.107419379154137e-05,0.0033069902468161557,0.02416520508747806,0.9997025072232892
2056.269,-1.9272672506827055,-0.49825877821057774,0.007827576131062856,-6.593295401132895e-05,0.003307388842048282,0.02416559628677666,0.9997024961397255
2056.303,-1.9272660753712314,-0.4982586397686162,0.0078413490701314,-7.000399601467425e-05,0.0033074933899509234,0.02416598547842225,0.9997024861091288
2056.337,-1.9272649118254974,-0.4982585715652686,0.00784634375241296,-7.057093394152409e-05,0.0033065628417544785,0.02416638049389837,0.999702479598676
2056.371,-1.927263762666001,-0.49825852132113096,0.00784008249615835,-7.02201201605973e-05,0.003304894443366051,0.024166778891468246,0.9997024755095208
2056.405,-1.9272625844208007,-0.49825851597672466,0.007829720957030738,-6.763040465741237e-05,0.0033035421312029674,0.02416718320021538,0.9997024703839054
2056.439,-1.9272613413481103,-0.4982585258584476,0.00781663043936849,-6.4251749224517e-05,0.003304614866763081,0.024167590197835633,0.9997024572223101
2056.473,-1.9272600801541606,-0.49825852505181006,0.007831666060887352,-6.136700885397892e-05,0.0033087032486686097,0.02416799713234282,0.9997024340430074
2056.507,-1.9272589018497892,-0.49825846276226005,0.007834477533288094,-6.16262171752758e-05,0.0033081268387337485,0.02416840087238516,0.9997024261740591
2056.541,-1.9272577286207466,-0.4982583521739783,0.007845004167708489,-6.429720910838988e-05,0.0033080559952033775,0.02416879719980457,0.9997024166587357
2056.575,-1.927256589852778,-0.498258259514194,0.007839858546169932,-6.607318366504703e-05,0.003305887455679905,0.02416919382375324,0.9997024141275117
2056.609,-1.9272554235654988,-0.49825818223056667,0.00781844846926647,-6.709622456525664e-05,0.0033030614457144848,0.024169591063663287,0.9997024137967246
2056.643,-1.9272541940494123,-0.498258113283951,0.007823424004345934,-6.765455597735824e-05,0.0033046446788480774,0.02416998684138977,0.9997023989580575
2056.677,-1.927252982155096,-0.4982581047246407,0.007832946039984445,-6.521121514070146e-05,0.0033061125352021373,0.024170390123675462,0.9997023845168478
2056.711,-1.9272517714905018,-0.49825809353634837,0.007843613096058931,-6.288760066353188e-05,0.0033078523015721193,0.024170795273655243,0.999702369114998
2056.745,-1.927250600269266,-0.49825808276513706,0.007843037344533562,-6.0550865969273396e-05,0.00330740432143582,0.024171203000266612,0.9997023608833617
2056.779,-1.9272494359993702,-0.4982580373919122,0.007836327186043535,-5.996818330782452e-05,0.0033057055299479093,0.02417160837523705,0.9997023567359039
2056.813,-1.9272482835118196,-0.4982579168018965,0.007818679542916608,-6.316848735610037e-05,0.003302425293210451,0.02417200480275336,0.9997023577949293
2056.847,-1.9272470635414773,-0.49825781082568515,0.00782345895347863,-6.558307041681698e-05,0.0033035845215211774,0.024172397660047352,0.9997023443103127
2056.881,-1.9272458227170863,-0.49825773988897687,0.007837662259807357,-6.622015802841717e-05,0.003306974420376525,0.02417279294264193,0.9997023235025645
2056.915,-1.9272446241991292,-0.49825764719915216,0.007837832917015052,-6.796253570159768e-05,0.0033074828117022363,0.024173187670959585,0.9997023121591592
2056.949,-1.9272434409642518,-0.49825755637860847,0.007845674741222166,-6.964100757602107e-05,0.0033075342198423006,0.024173582402268485,0.9997023023287259
2056.983,-1.9272422740518453,-0.4982574838934242,0.007841694216579891,-7.037747144428602e-05,0.003306878793828895,0.02417397895027488,0.9997022948565069
2057.017,-1.927241090222178,-0.4982574340601042,0.007820291520554704,-6.99933289518256e-05,0.0033051086295712603,0.024174378500042226,0.9997022910757069
2057.051,-1.9272398370094668,-0.49825739966234917,0.007821456913190248,-6.881079978409216e-05,0.003307524790883208,0.024174778520380122,0.9997022734936248
2057.085,-1.9272386009018947,-0.4982573826613209,0.0078371770860034,-6.67644056792661e-05,0.003310556636576299,0.024175181828266425,0.9997022538440336
2057.119,-1.9272374069780531,-0.4982573811627296,0.007845245868747628,-6.396255824493449e-05,0.0033113968463694544,0.024175588985105845,0.9997022413983777
2057.153,-1.9272362455689376,-0.49825734059750826,0.007828971402070348,-6.311370299684928e-05,0.003309604066595137,0.02417599433011031,0.9997022375866392
2057.187,-1.927235072252682,-0.49825719574829885,0.007822632386345828,-6.749409136793129e-05,0.003308193798733624,0.024176387546599228,0.999702232459013
2057.221,-1.9272339471999262,-0.49825702849351144,0.007819510872593628,-7.305217818292752e-05,0.003304374472480066,0.024176774990897938,0.9997022353299829
2057.255,-1.927232739410303,-0.49825690476133605,0.007823844107094033,-7.636838294151682e-05,0.00330497665274639,0.024177161316548627,0.9997022237485863
2057.289,-1.9272315657965633,-0.49825688354419534,0.007825563032185885,-7.458508020404784e-05,0.003304170467875721,0.024177559286425915,0.9997022169233879
2057.323,-1.9272304042493784,-0.49825687091403204,0.00782820918709571,-7.238962486886145e-05,0.0033027208158161936,0.02417796128143876,0.9997022121528132
2057.357,-1.9272291950199432,-0.49825692668916094,0.007837256057804663,-6.674488991121339e-05,0.0033040158788312404,0.02417837190975015,0.9997021983350772
2057.391,-1.9272279919448982,-0.4982569709202891,0.007845068865064583,-6.165744314334344e-05,0.003305307476970225,0.024178785199703505,0.9997021843964877
2057.425,-1.9272267884426488,-0.49825697230074933,0.007835028666312836,-5.866937578806497e-05,0.0033061615444518583,0.024179196668130374,0.9997021718002969
2057.459,-1.9272255789790607,-0.4982568626456169,0.007828336419315367,-6.124449758440372e-05,0.0033066579009545885,0.024179596545394175,0.999702160332536
2057.493,-1.927224399239083,-0.49825665597189345,0.007822699611186206,-6.870214755485184e-05,0.003305636188900975,0.024179981134048654,0.999702153924737
2057.527,-1.9272231622518243,-0.4982564558066311,0.007819178194783455,-7.57920204199461e-05,0.0033071115104898988,0.024180361316670954,0.999702139337324
2057.561,-1.927221943218377,-0.49825631193805014,0.007828191730372696,-8.007435935834382e-05,0.0033090469990999325,0.024180744477916405,0.9997021233310194
2057.595,-1.9272207345639243,-0.4982563006025624,0.00784721019379837,-7.775210169108342e-05,0.003311294712501693,0.02418114165760735,0.9997021064647571
2057.629,-1.9272195802135577,-0.4982563875047996,0.007840276579869692,-7.05634000120051e-05,0.0033093258347074903,0.02418155516761355,0.9997021035153433
2057.663,-1.927218418023901,-0.49825644186540663,0.007831134825132835,-6.502187176414069e-05,0.003307084912805862,0.02418197030951495,0.9997021012649145
2057.697,-1.9272172568723238,-0.49825640170871355,0.007816475018500491,-6.422158760628681e-05,0.0033041253135243417,0.024182377228034038,0.9997021012597208
2057.731,-1.9272160446007292,-0.498256360724693,0.007827716089577674,-6.339586835692511e-05,0.0033053999961404727,0.02418278041620268,0.9997020873456107
2057.765,-1.9272148687909543,-0.49825632213215204,0.007841346659224192,-6.248777271717719e-05,0.003305420092413604,0.024183184016129115,0.9997020775731804
2057.799,-1.927213701086118,-0.49825624893461773,0.007840702888739594,-6.32724855329311e-05,0.0033050135505759523,0.024183584158021132,0.9997020691882632
2057.833,-1.9272125212816422,-0.49825609498775253,0.007840921309276062,-6.808952044116918e-05,0.003304589285500083,0.024183974306207653,0.9997020608362414
2057.867,-1.9272113492669776,-0.498255984420394,0.007829166650914432,-7.074198565207158e-05,0.0033032134022215644,0.024184366477935034,0.9997020557120266
2057.901,-1.9272101084766473,-0.49825589348557026,0.007817962117294757,-7.238765483029774e-05,0.003304421237577174,0.02418475866895762,0.9997020421147674
2057.935,-1.9272089035562086,-0.49825584681317564,0.007817934959107672,-7.18343659393788e-05,0.0033048370616859005,0.024185156676686366,0.9997020311514546
2057.969,-1.9272076845377633,-0.49825582371386884,0.007828915064246843,-7.010214450192888e-05,0.0033066281143694465,0.02418555764933029,0.9997020156513607
2058.003,-1.927206462650095,-0.49825580006587744,0.007841474174282676,-6.839219372782896e-05,0.003308949841206951,0.024185960191925558,0.9997019983490335
2058.037,-1.9272052823364347,-0.4982557804287351,0.00784480407270487,-6.649456285731095e-05,0.0033090579236142847,0.024186365392189397,0.9997019883161417
2058.071,-1.927204116790422,-0.4982557638031855,0.007828174714538635,-6.44541859181748e-05,0.0033071179456492803,0.024186772420094503,0.9997019850217613
2058.105,-1.927202961968348,-0.49825566023018614,0.007822625182992524,-6.680006634588263e-05,0.0033047231213522788,0.024187170517362265,0.9997019831555835
2058.139,-1.927201750213918,-0.498255545250536,0.00781919081542378,-6.967713833681346e-05,0.0033048410057469673,0.024187563089336183,0.9997019730713862
2058.173,-1.927200556753367,-0.4982554704617671,0.007828210901563206,-7.054698463625931e-05,0.0033054285959638685,0.024187958004136447,0.9997019615127851
2058.207,-1.9271993430235477,-0.4982554322691065,0.007841891544671022,-6.957822941626428e-05,0.0033073834443155484,0.024188356873126777,0.9997019454644471
2058.241,-1.9271981707710852,-0.49825540085985864,0.007844850002002255,-6.827626870069725e-05,0.0033071106807890677,0.024188759108476662,0.9997019367241858
2058.275,-1.9271970129987301,-0.4982553750250054,0.007828182054704778,-6.670326906183538e-05,0.0033047926765991274,0.024189163801330765,0.999701934703855
2058.309,-1.927195789938171,-0.49825535174058494,0.007816270616720827,-6.499814875722593e-05,0.0033048557845142077,0.0241895681489344,0.999701924823721
2058.343,-1.9271945483568353,-0.49825532374871684,0.0078316492577397,-6.348969136264918e-05,0.0033079909183839733,0.024189971431259196,0.9997019047932729
2058.377,-1.9271933492177304,-0.4982552975799114,0.007843449339408013,-6.192522231969716e-05,0.0033091437585482044,0.024190376503633645,0.9997018912743261
2058.411,-1.9271921963120036,-0.49825526947866156,0.007839439425022581,-6.047245632021176e-05,0.0033075033637427168,0.024190782955690746,0.9997018869565925
2058.445,-1.9271910590609453,-0.4982551556442741,0.00784001978117655,-6.333396659159154e-05,0.003305007124099724,0.024191180250198233,0.9997018854212594
2058.479,-1.9271899050810737,-0.4982550432254404,0.00782243525422064,-6.611124647722871e-05,0.0033019449282369042,0.02419157460682472,0.9997018858174854
2058.513,-1.927188657333936,-0.49825496015271775,0.007821927957058035,-6.736226013358353e-05,0.0033042226155724982,0.024191968230777208,0.9997018686830359
2058.547,-1.9271874614663371,-0.49825485746239406,0.007824164642823938,-6.960849649726187e-05,0.003304591902138359,0.02419236091821583,0.9997018578057263
2058.581,-1.9271862207296326,-0.4982547843169997,0.007839109172668828,-7.03548739460018e-05,0.003307951652362211,0.024192755342661576,0.9997018370969354
2058.615,-1.927185022617879,-0.49825472403739735,0.007845373627809068,-7.047080663711373e-05,0.003309050642846607,0.02419315298565736,0.9997018238286459
2058.649,-1.9271838515396649,-0.49825467459410777,0.007834956981675741,-7.00494669736225e-05,0.003308051739588596,0.024193553370117523,0.9997018174746346
2058.683,-1.927182632046919,-0.49825463350205057,0.007816184552493551,-6.922743812616984e-05,0.00330767950070023,0.024193954743015108,0.9997018090499663
2058.717,-1.9271814145489579,-0.49825457486240765,0.007820778049469311,-6.925806395826043e-05,0.0033088049630640745,0.024194354039143374,0.9997017956599186
2058.751,-1.927180271634975,-0.49825452514570606,0.00782598630388482,-6.89345908618165e-05,0.0033064105569720046,0.024194755536891745,0.9997017938874377
2058.785,-1.9271790923195928,-0.4982544668735995,0.007840718548285329,-6.900925853753521e-05,0.0033066640961701556,0.02419515428654558,0.9997017833930915
2058.819,-1.9271779272394403,-0.49825437455715715,0.00784584318364544,-7.077701833091635e-05,0.0033058729250207827,0.024195549656108536,0.9997017763171456
2058.853,-1.9271767600910934,-0.498254284007688,0.00784197061083209,-7.242799002621902e-05,0.0033051001929862334,0.024195944437589836,0.9997017691990315
2058.887,-1.927175584976325,-0.49825420380874136,0.007842251733909776,-7.35712088573307e-05,0.003304342836570685,0.024196339058456372,0.9997017620679998
2058.921,-1.9271744172859784,-0.4982541680600084,0.007839058839897873,-7.249937711533248e-05,0.0033031727535756047,0.024196739104723603,0.9997017563305061
2058.955,-1.9271732104997896,-0.49825412849203193,0.007817344261829588,-7.159740084846254e-05,0.0033022739085010818,0.02419713971311039,0.9997017496686449
2058.989,-1.9271719722001817,-0.49825407039152625,0.007818269654066661,-7.160095917210474e-05,0.0033042693146857864,0.024197538268923246,0.9997017334281874
2059.023,-1.927170736783452,-0.4982540334902849,0.007828918594518093,-7.053478358087079e-05,0.003306903064516009,0.024197938643797854,0.999701715104239
2059.057,-1.9271694986099621,-0.49825399840195134,0.007841461168283301,-6.937386651114073e-05,0.003310050923777438,0.024198339946518984,0.9997016950540702
2059.091,-1.9271683021826922,-0.49825396941342837,0.007844790660814237,-6.792136223828193e-05,0.0033109727106913796,0.02419874372179911,0.9997016823276254
2059.125,-1.9271671238669181,-0.49825390763937616,0.00784000804168602,-6.813277584507841e-05,0.003310188410849623,0.024199145136086855,0.9997016751938012
2059.159,-1.9271659688786889,-0.49825377882295113,0.007822783047672144,-7.171686359553504e-05,0.0033073616961305204,0.02419953820417559,0.9997016747840364
2059.193,-1.927164740828981,-0.49825367053212266,0.007819107910509314,-7.423869508859923e-05,0.0033082777505810193,0.024199929622045695,0.9997016620938615
2059.227,-1.9271635181087654,-0.4982535739643426,0.007835321812762782,-7.617048157284616e-05,0.0033107086035518794,0.024200320880756958,0.999701644429911
2059.261,-1.9271623379569043,-0.4982534960452618,0.007844843320744104,-7.719694565961017e-05,0.0033109413229538967,0.024200714925112752,0.9997016340415279
2059.295,-1.9271611920632823,-0.4982534338989891,0.007839839449026435,-7.743944235197748e-05,0.003309074748682744,0.02420111179859213,0.9997016305954256
2059.329,-1.9271600188842437,-0.49825338486879517,0.00781844600005809,-7.70418307309104e-05,0.0033065461178896282,0.024201510596565015,0.9997016293385597
2059.363,-1.9271587827079606,-0.4982533419205699,0.007823422568497117,-7.629233069329429e-05,0.003308419798697477,0.02420190850286401,0.999701613564135
2059.397,-1.9271575717298801,-0.49825330258785366,0.007838578870946898,-7.5383141290852e-05,0.0033101947573975885,0.024202308123929785,0.9997015980829103
2059.431,-1.9271564030324233,-0.49825327193205865,0.007845351023754995,-7.405741075230517e-05,0.003309775412414484,0.024202710234500806,0.999701589835449
2059.465,-1.9271552610862215,-0.4982532481835175,0.00783497874282855,-7.238940553588526e-05,0.0033072888456243295,0.024203114459119074,0.999701588400631
2059.499,-1.9271540703849237,-0.4982532292132985,0.007816205648513666,-7.049838269527093e-05,0.003305452348665563,0.0242035192008955,0.9997015848107077
2059.533,-1.9271528357483376,-0.49825320740312756,0.00782766776813147,-6.868815655625389e-05,0.0033078091108794602,0.024203922205224673,0.9997015673843402
2059.567,-1.927151638043247,-0.49825318592232765,0.007841329008941324,-6.689816563097276e-05,0.0033088946675766955,0.0242043268127817,0.9997015541171548
2059.601,-1.9271504816245204,-0.4982531677901265,0.007844811957262856,-6.495247847999477e-05,0.0033078093556179965,0.02420473314515766,0.9997015479991087
2059.635,-1.9271493395975083,-0.4982531521283176,0.007828191183152674,-6.28898569614032e-05,0.0033046981780919505,0.024205140835277996,0.9997015485493468
2059.669,-1.9271481321310018,-0.4982531363270697,0.007816281117516664,-6.08288988675812e-05,0.0033039801192639795,0.02420554748141546,0.9997015412043444
2059.703,-1.9271469059796025,-0.49825311349624557,0.007831660283652477,-5.908003832374114e-05,0.00330634572025095,0.02420595256518831,0.9997015236799128
2059.737,-1.9271456905737792,-0.49825304117916513,0.007840193127075677,-5.979081123863351e-05,0.003308449608772198,0.024206353416429904,0.9997015069712178
2059.771,-1.927144496728774,-0.4982528791145159,0.007845609367503018,-6.49967371244205e-05,0.0033090993308353966,0.02420674396647086,0.9997014950391865
2059.805,-1.9271433366312463,-0.4982527261666209,0.007835028331812714,-6.974558840190952e-05,0.003307688242151529,0.02420713253047198,0.999701489980233
2059.839,-1.9271421271135087,-0.49825259927087173,0.007816192273742976,-7.32100574384492e-05,0.0033069207991385328,0.024207521077853525,0.9997014828629499
2059.873,-1.9271408730972013,-0.49825248861370386,0.007827650249439013,-7.580405732976959e-05,0.0033103444469245276,0.02420790877081032,0.9997014619506823
2059.907,-1.9271396555475293,-0.4982523952626676,0.007841310363933457,-7.757124757471963e-05,0.0033124941038341705,0.024208299560602747,0.999701445231474
2059.941,-1.9271385095503875,-0.49825237492379526,0.00783816092784256,-7.571579233490807e-05,0.0033109014043370653,0.024208700278265008,0.9997014409461691
2059.975,-1.9271373455807894,-0.49825240958658573,0.00782939075870305,-7.114599492681475e-05,0.0033087334087203743,0.024209109080474425,0.9997014385600368
